{
	"total_pacotes":933,
	"pacotes_ok":706,
	"pacotes_fora_de_ordem":8,
	"pacotes_perdidos":219,
	"pacotes": [
		{
			"id":0,
			"estado": 0
		},
		{
			"id":1,
			"estado": 0
		},
		{
			"id":2,
			"estado": 0
		},
		{
			"id":3,
			"estado": 0
		},
		{
			"id":4,
			"estado": 0
		},
		{
			"id":5,
			"estado": 0
		},
		{
			"id":6,
			"estado": 0
		},
		{
			"id":7,
			"estado": 0
		},
		{
			"id":8,
			"estado": 0
		},
		{
			"id":9,
			"estado": 0
		},
		{
			"id":10,
			"estado": 0
		},
		{
			"id":11,
			"estado": 0
		},
		{
			"id":12,
			"estado": 0
		},
		{
			"id":13,
			"estado": 0
		},
		{
			"id":14,
			"estado": 0
		},
		{
			"id":15,
			"estado": 0
		},
		{
			"id":16,
			"estado": 0
		},
		{
			"id":17,
			"estado": 0
		},
		{
			"id":18,
			"estado": 0
		},
		{
			"id":19,
			"estado": 0
		},
		{
			"id":20,
			"estado": 0
		},
		{
			"id":21,
			"estado": 0
		},
		{
			"id":22,
			"estado": 0
		},
		{
			"id":23,
			"estado": 0
		},
		{
			"id":24,
			"estado": 0
		},
		{
			"id":25,
			"estado": 0
		},
		{
			"id":26,
			"estado": 0
		},
		{
			"id":27,
			"estado": 0
		},
		{
			"id":28,
			"estado": 0
		},
		{
			"id":29,
			"estado": 0
		},
		{
			"id":30,
			"estado": 0
		},
		{
			"id":31,
			"estado": 0
		},
		{
			"id":32,
			"estado": 0
		},
		{
			"id":33,
			"estado": 0
		},
		{
			"id":34,
			"estado": 0
		},
		{
			"id":35,
			"estado": 0
		},
		{
			"id":36,
			"estado": 0
		},
		{
			"id":37,
			"estado": 0
		},
		{
			"id":38,
			"estado": 0
		},
		{
			"id":39,
			"estado": 0
		},
		{
			"id":40,
			"estado": 0
		},
		{
			"id":41,
			"estado": 0
		},
		{
			"id":42,
			"estado": 0
		},
		{
			"id":43,
			"estado": 0
		},
		{
			"id":44,
			"estado": 0
		},
		{
			"id":45,
			"estado": 0
		},
		{
			"id":46,
			"estado": 0
		},
		{
			"id":47,
			"estado": 0
		},
		{
			"id":48,
			"estado": 0
		},
		{
			"id":49,
			"estado": 0
		},
		{
			"id":50,
			"estado": 0
		},
		{
			"id":51,
			"estado": 0
		},
		{
			"id":52,
			"estado": 0
		},
		{
			"id":53,
			"estado": 0
		},
		{
			"id":54,
			"estado": 0
		},
		{
			"id":55,
			"estado": 0
		},
		{
			"id":56,
			"estado": 0
		},
		{
			"id":57,
			"estado": 0
		},
		{
			"id":58,
			"estado": 0
		},
		{
			"id":59,
			"estado": 0
		},
		{
			"id":60,
			"estado": 0
		},
		{
			"id":61,
			"estado": 0
		},
		{
			"id":62,
			"estado": 0
		},
		{
			"id":63,
			"estado": 0
		},
		{
			"id":64,
			"estado": 0
		},
		{
			"id":65,
			"estado": 0
		},
		{
			"id":66,
			"estado": 0
		},
		{
			"id":67,
			"estado": 0
		},
		{
			"id":68,
			"estado": 0
		},
		{
			"id":69,
			"estado": 0
		},
		{
			"id":70,
			"estado": 0
		},
		{
			"id":71,
			"estado": 0
		},
		{
			"id":72,
			"estado": 0
		},
		{
			"id":73,
			"estado": 0
		},
		{
			"id":74,
			"estado": 0
		},
		{
			"id":75,
			"estado": 0
		},
		{
			"id":76,
			"estado": 0
		},
		{
			"id":77,
			"estado": 0
		},
		{
			"id":78,
			"estado": 0
		},
		{
			"id":79,
			"estado": 0
		},
		{
			"id":80,
			"estado": 0
		},
		{
			"id":81,
			"estado": 0
		},
		{
			"id":82,
			"estado": 0
		},
		{
			"id":83,
			"estado": 0
		},
		{
			"id":84,
			"estado": 0
		},
		{
			"id":85,
			"estado": 0
		},
		{
			"id":86,
			"estado": 0
		},
		{
			"id":87,
			"estado": 0
		},
		{
			"id":88,
			"estado": 0
		},
		{
			"id":89,
			"estado": 0
		},
		{
			"id":90,
			"estado": 0
		},
		{
			"id":91,
			"estado": 0
		},
		{
			"id":92,
			"estado": 0
		},
		{
			"id":93,
			"estado": 0
		},
		{
			"id":94,
			"estado": 0
		},
		{
			"id":95,
			"estado": 0
		},
		{
			"id":96,
			"estado": 0
		},
		{
			"id":97,
			"estado": 0
		},
		{
			"id":98,
			"estado": 0
		},
		{
			"id":99,
			"estado": 0
		},
		{
			"id":100,
			"estado": 0
		},
		{
			"id":101,
			"estado": 0
		},
		{
			"id":102,
			"estado": 0
		},
		{
			"id":103,
			"estado": 0
		},
		{
			"id":104,
			"estado": 0
		},
		{
			"id":105,
			"estado": 0
		},
		{
			"id":106,
			"estado": 0
		},
		{
			"id":107,
			"estado": 0
		},
		{
			"id":108,
			"estado": 0
		},
		{
			"id":109,
			"estado": 0
		},
		{
			"id":110,
			"estado": 0
		},
		{
			"id":111,
			"estado": 0
		},
		{
			"id":112,
			"estado": 0
		},
		{
			"id":113,
			"estado": 0
		},
		{
			"id":114,
			"estado": 0
		},
		{
			"id":115,
			"estado": 0
		},
		{
			"id":116,
			"estado": 0
		},
		{
			"id":117,
			"estado": 0
		},
		{
			"id":118,
			"estado": 0
		},
		{
			"id":119,
			"estado": 0
		},
		{
			"id":120,
			"estado": 0
		},
		{
			"id":121,
			"estado": 0
		},
		{
			"id":122,
			"estado": 0
		},
		{
			"id":123,
			"estado": 0
		},
		{
			"id":124,
			"estado": 0
		},
		{
			"id":125,
			"estado": 0
		},
		{
			"id":126,
			"estado": 0
		},
		{
			"id":127,
			"estado": 0
		},
		{
			"id":128,
			"estado": 0
		},
		{
			"id":129,
			"estado": 0
		},
		{
			"id":130,
			"estado": 0
		},
		{
			"id":131,
			"estado": 0
		},
		{
			"id":132,
			"estado": 0
		},
		{
			"id":133,
			"estado": 0
		},
		{
			"id":134,
			"estado": 0
		},
		{
			"id":135,
			"estado": 0
		},
		{
			"id":136,
			"estado": 0
		},
		{
			"id":137,
			"estado": 0
		},
		{
			"id":138,
			"estado": 0
		},
		{
			"id":139,
			"estado": 0
		},
		{
			"id":140,
			"estado": 0
		},
		{
			"id":141,
			"estado": 0
		},
		{
			"id":142,
			"estado": 0
		},
		{
			"id":143,
			"estado": 0
		},
		{
			"id":144,
			"estado": 0
		},
		{
			"id":145,
			"estado": 0
		},
		{
			"id":146,
			"estado": 0
		},
		{
			"id":147,
			"estado": 0
		},
		{
			"id":148,
			"estado": 0
		},
		{
			"id":149,
			"estado": 0
		},
		{
			"id":150,
			"estado": 0
		},
		{
			"id":151,
			"estado": 0
		},
		{
			"id":152,
			"estado": 0
		},
		{
			"id":153,
			"estado": 0
		},
		{
			"id":154,
			"estado": 0
		},
		{
			"id":155,
			"estado": 0
		},
		{
			"id":156,
			"estado": 0
		},
		{
			"id":157,
			"estado": 0
		},
		{
			"id":158,
			"estado": 0
		},
		{
			"id":159,
			"estado": 0
		},
		{
			"id":160,
			"estado": 0
		},
		{
			"id":161,
			"estado": 0
		},
		{
			"id":162,
			"estado": 0
		},
		{
			"id":163,
			"estado": 0
		},
		{
			"id":164,
			"estado": 0
		},
		{
			"id":165,
			"estado": 0
		},
		{
			"id":166,
			"estado": 0
		},
		{
			"id":167,
			"estado": 0
		},
		{
			"id":168,
			"estado": 0
		},
		{
			"id":169,
			"estado": 0
		},
		{
			"id":170,
			"estado": 0
		},
		{
			"id":171,
			"estado": 0
		},
		{
			"id":172,
			"estado": 0
		},
		{
			"id":173,
			"estado": 0
		},
		{
			"id":174,
			"estado": 0
		},
		{
			"id":175,
			"estado": 0
		},
		{
			"id":176,
			"estado": 0
		},
		{
			"id":177,
			"estado": 0
		},
		{
			"id":178,
			"estado": 0
		},
		{
			"id":179,
			"estado": 0
		},
		{
			"id":180,
			"estado": 0
		},
		{
			"id":181,
			"estado": 0
		},
		{
			"id":182,
			"estado": 0
		},
		{
			"id":183,
			"estado": 0
		},
		{
			"id":184,
			"estado": 0
		},
		{
			"id":185,
			"estado": 0
		},
		{
			"id":186,
			"estado": 0
		},
		{
			"id":187,
			"estado": 0
		},
		{
			"id":188,
			"estado": 0
		},
		{
			"id":189,
			"estado": 0
		},
		{
			"id":190,
			"estado": 0
		},
		{
			"id":191,
			"estado": 0
		},
		{
			"id":192,
			"estado": 0
		},
		{
			"id":193,
			"estado": 0
		},
		{
			"id":194,
			"estado": 0
		},
		{
			"id":195,
			"estado": 0
		},
		{
			"id":196,
			"estado": 0
		},
		{
			"id":197,
			"estado": 0
		},
		{
			"id":198,
			"estado": 0
		},
		{
			"id":199,
			"estado": 0
		},
		{
			"id":200,
			"estado": 0
		},
		{
			"id":201,
			"estado": 0
		},
		{
			"id":202,
			"estado": 0
		},
		{
			"id":203,
			"estado": 0
		},
		{
			"id":204,
			"estado": 0
		},
		{
			"id":205,
			"estado": 0
		},
		{
			"id":206,
			"estado": 0
		},
		{
			"id":207,
			"estado": 0
		},
		{
			"id":208,
			"estado": 0
		},
		{
			"id":209,
			"estado": 0
		},
		{
			"id":210,
			"estado": 0
		},
		{
			"id":211,
			"estado": 0
		},
		{
			"id":212,
			"estado": 0
		},
		{
			"id":213,
			"estado": 0
		},
		{
			"id":214,
			"estado": 0
		},
		{
			"id":215,
			"estado": 0
		},
		{
			"id":216,
			"estado": 0
		},
		{
			"id":217,
			"estado": 0
		},
		{
			"id":218,
			"estado": 0
		},
		{
			"id":219,
			"estado": 0
		},
		{
			"id":220,
			"estado": 0
		},
		{
			"id":221,
			"estado": 0
		},
		{
			"id":222,
			"estado": 0
		},
		{
			"id":223,
			"estado": 0
		},
		{
			"id":224,
			"estado": 0
		},
		{
			"id":225,
			"estado": 0
		},
		{
			"id":226,
			"estado": 0
		},
		{
			"id":227,
			"estado": 0
		},
		{
			"id":228,
			"estado": 0
		},
		{
			"id":229,
			"estado": 0
		},
		{
			"id":230,
			"estado": 0
		},
		{
			"id":231,
			"estado": 0
		},
		{
			"id":232,
			"estado": 0
		},
		{
			"id":233,
			"estado": 0
		},
		{
			"id":234,
			"estado": 0
		},
		{
			"id":235,
			"estado": 0
		},
		{
			"id":236,
			"estado": 0
		},
		{
			"id":237,
			"estado": 0
		},
		{
			"id":238,
			"estado": 0
		},
		{
			"id":239,
			"estado": 0
		},
		{
			"id":240,
			"estado": 0
		},
		{
			"id":241,
			"estado": 0
		},
		{
			"id":242,
			"estado": 0
		},
		{
			"id":243,
			"estado": 0
		},
		{
			"id":244,
			"estado": 0
		},
		{
			"id":245,
			"estado": 0
		},
		{
			"id":246,
			"estado": 0
		},
		{
			"id":247,
			"estado": 0
		},
		{
			"id":248,
			"estado": 0
		},
		{
			"id":249,
			"estado": 0
		},
		{
			"id":250,
			"estado": 0
		},
		{
			"id":251,
			"estado": 0
		},
		{
			"id":252,
			"estado": 0
		},
		{
			"id":253,
			"estado": 0
		},
		{
			"id":254,
			"estado": 0
		},
		{
			"id":255,
			"estado": 0
		},
		{
			"id":256,
			"estado": 0
		},
		{
			"id":257,
			"estado": 0
		},
		{
			"id":258,
			"estado": 0
		},
		{
			"id":259,
			"estado": 0
		},
		{
			"id":260,
			"estado": 0
		},
		{
			"id":261,
			"estado": 0
		},
		{
			"id":262,
			"estado": 0
		},
		{
			"id":263,
			"estado": 0
		},
		{
			"id":264,
			"estado": 0
		},
		{
			"id":265,
			"estado": 0
		},
		{
			"id":266,
			"estado": 0
		},
		{
			"id":267,
			"estado": 0
		},
		{
			"id":268,
			"estado": 0
		},
		{
			"id":269,
			"estado": 0
		},
		{
			"id":270,
			"estado": 0
		},
		{
			"id":271,
			"estado": 0
		},
		{
			"id":272,
			"estado": 0
		},
		{
			"id":273,
			"estado": 0
		},
		{
			"id":274,
			"estado": 0
		},
		{
			"id":275,
			"estado": 0
		},
		{
			"id":276,
			"estado": 0
		},
		{
			"id":277,
			"estado": 0
		},
		{
			"id":278,
			"estado": 0
		},
		{
			"id":279,
			"estado": 0
		},
		{
			"id":280,
			"estado": 0
		},
		{
			"id":281,
			"estado": 0
		},
		{
			"id":282,
			"estado": 0
		},
		{
			"id":283,
			"estado": 0
		},
		{
			"id":284,
			"estado": 0
		},
		{
			"id":285,
			"estado": 0
		},
		{
			"id":286,
			"estado": 0
		},
		{
			"id":287,
			"estado": 0
		},
		{
			"id":288,
			"estado": 0
		},
		{
			"id":289,
			"estado": 0
		},
		{
			"id":290,
			"estado": 0
		},
		{
			"id":291,
			"estado": 0
		},
		{
			"id":292,
			"estado": 0
		},
		{
			"id":293,
			"estado": 0
		},
		{
			"id":294,
			"estado": 0
		},
		{
			"id":295,
			"estado": 0
		},
		{
			"id":296,
			"estado": 0
		},
		{
			"id":297,
			"estado": 0
		},
		{
			"id":298,
			"estado": 0
		},
		{
			"id":299,
			"estado": 0
		},
		{
			"id":300,
			"estado": 0
		},
		{
			"id":301,
			"estado": 0
		},
		{
			"id":302,
			"estado": 0
		},
		{
			"id":303,
			"estado": 0
		},
		{
			"id":304,
			"estado": 0
		},
		{
			"id":305,
			"estado": 0
		},
		{
			"id":306,
			"estado": 0
		},
		{
			"id":307,
			"estado": 0
		},
		{
			"id":308,
			"estado": 0
		},
		{
			"id":309,
			"estado": 0
		},
		{
			"id":310,
			"estado": 0
		},
		{
			"id":311,
			"estado": 0
		},
		{
			"id":312,
			"estado": 0
		},
		{
			"id":313,
			"estado": 0
		},
		{
			"id":314,
			"estado": 0
		},
		{
			"id":315,
			"estado": 0
		},
		{
			"id":316,
			"estado": 0
		},
		{
			"id":317,
			"estado": 0
		},
		{
			"id":318,
			"estado": 0
		},
		{
			"id":319,
			"estado": 0
		},
		{
			"id":320,
			"estado": 0
		},
		{
			"id":321,
			"estado": 0
		},
		{
			"id":322,
			"estado": 0
		},
		{
			"id":323,
			"estado": 0
		},
		{
			"id":324,
			"estado": 0
		},
		{
			"id":325,
			"estado": 0
		},
		{
			"id":326,
			"estado": 0
		},
		{
			"id":327,
			"estado": 0
		},
		{
			"id":328,
			"estado": 0
		},
		{
			"id":329,
			"estado": 0
		},
		{
			"id":330,
			"estado": 0
		},
		{
			"id":331,
			"estado": 0
		},
		{
			"id":332,
			"estado": 0
		},
		{
			"id":333,
			"estado": 0
		},
		{
			"id":334,
			"estado": 0
		},
		{
			"id":335,
			"estado": 0
		},
		{
			"id":336,
			"estado": 0
		},
		{
			"id":337,
			"estado": 0
		},
		{
			"id":338,
			"estado": 0
		},
		{
			"id":339,
			"estado": 0
		},
		{
			"id":340,
			"estado": 0
		},
		{
			"id":341,
			"estado": 0
		},
		{
			"id":342,
			"estado": 0
		},
		{
			"id":343,
			"estado": 0
		},
		{
			"id":344,
			"estado": 0
		},
		{
			"id":345,
			"estado": 0
		},
		{
			"id":346,
			"estado": 0
		},
		{
			"id":347,
			"estado": 0
		},
		{
			"id":348,
			"estado": 0
		},
		{
			"id":349,
			"estado": 0
		},
		{
			"id":350,
			"estado": 0
		},
		{
			"id":351,
			"estado": 0
		},
		{
			"id":352,
			"estado": 0
		},
		{
			"id":353,
			"estado": 0
		},
		{
			"id":354,
			"estado": 0
		},
		{
			"id":355,
			"estado": 0
		},
		{
			"id":356,
			"estado": 0
		},
		{
			"id":357,
			"estado": 0
		},
		{
			"id":358,
			"estado": 0
		},
		{
			"id":359,
			"estado": 0
		},
		{
			"id":360,
			"estado": 0
		},
		{
			"id":361,
			"estado": 0
		},
		{
			"id":362,
			"estado": 0
		},
		{
			"id":363,
			"estado": 0
		},
		{
			"id":364,
			"estado": 0
		},
		{
			"id":365,
			"estado": 0
		},
		{
			"id":366,
			"estado": 0
		},
		{
			"id":367,
			"estado": 0
		},
		{
			"id":368,
			"estado": 0
		},
		{
			"id":369,
			"estado": 0
		},
		{
			"id":370,
			"estado": 0
		},
		{
			"id":371,
			"estado": 0
		},
		{
			"id":372,
			"estado": 0
		},
		{
			"id":373,
			"estado": 0
		},
		{
			"id":374,
			"estado": 0
		},
		{
			"id":375,
			"estado": 0
		},
		{
			"id":376,
			"estado": 0
		},
		{
			"id":377,
			"estado": 0
		},
		{
			"id":378,
			"estado": 0
		},
		{
			"id":379,
			"estado": 0
		},
		{
			"id":380,
			"estado": 0
		},
		{
			"id":381,
			"estado": 0
		},
		{
			"id":382,
			"estado": 0
		},
		{
			"id":383,
			"estado": 0
		},
		{
			"id":384,
			"estado": 0
		},
		{
			"id":385,
			"estado": 0
		},
		{
			"id":386,
			"estado": 0
		},
		{
			"id":387,
			"estado": 0
		},
		{
			"id":388,
			"estado": 0
		},
		{
			"id":389,
			"estado": 0
		},
		{
			"id":390,
			"estado": 0
		},
		{
			"id":391,
			"estado": 0
		},
		{
			"id":392,
			"estado": 0
		},
		{
			"id":393,
			"estado": 0
		},
		{
			"id":394,
			"estado": 0
		},
		{
			"id":395,
			"estado": 0
		},
		{
			"id":396,
			"estado": 0
		},
		{
			"id":397,
			"estado": 0
		},
		{
			"id":398,
			"estado": 0
		},
		{
			"id":399,
			"estado": 0
		},
		{
			"id":400,
			"estado": 0
		},
		{
			"id":401,
			"estado": 0
		},
		{
			"id":402,
			"estado": 0
		},
		{
			"id":403,
			"estado": 0
		},
		{
			"id":404,
			"estado": 2
		},
		{
			"id":405,
			"estado": 2
		},
		{
			"id":406,
			"estado": 2
		},
		{
			"id":407,
			"estado": 2
		},
		{
			"id":408,
			"estado": 2
		},
		{
			"id":409,
			"estado": 2
		},
		{
			"id":410,
			"estado": 2
		},
		{
			"id":411,
			"estado": 2
		},
		{
			"id":412,
			"estado": 2
		},
		{
			"id":413,
			"estado": 2
		},
		{
			"id":414,
			"estado": 2
		},
		{
			"id":415,
			"estado": 2
		},
		{
			"id":416,
			"estado": 3
		},
		{
			"id":417,
			"estado": 0
		},
		{
			"id":418,
			"estado": 0
		},
		{
			"id":419,
			"estado": 0
		},
		{
			"id":420,
			"estado": 0
		},
		{
			"id":421,
			"estado": 0
		},
		{
			"id":422,
			"estado": 0
		},
		{
			"id":423,
			"estado": 0
		},
		{
			"id":424,
			"estado": 3
		},
		{
			"id":425,
			"estado": 0
		},
		{
			"id":426,
			"estado": 0
		},
		{
			"id":427,
			"estado": 0
		},
		{
			"id":428,
			"estado": 0
		},
		{
			"id":429,
			"estado": 0
		},
		{
			"id":430,
			"estado": 0
		},
		{
			"id":431,
			"estado": 0
		},
		{
			"id":432,
			"estado": 0
		},
		{
			"id":433,
			"estado": 0
		},
		{
			"id":434,
			"estado": 0
		},
		{
			"id":435,
			"estado": 0
		},
		{
			"id":436,
			"estado": 0
		},
		{
			"id":437,
			"estado": 0
		},
		{
			"id":438,
			"estado": 0
		},
		{
			"id":439,
			"estado": 0
		},
		{
			"id":440,
			"estado": 0
		},
		{
			"id":441,
			"estado": 0
		},
		{
			"id":442,
			"estado": 0
		},
		{
			"id":443,
			"estado": 0
		},
		{
			"id":444,
			"estado": 0
		},
		{
			"id":445,
			"estado": 0
		},
		{
			"id":446,
			"estado": 0
		},
		{
			"id":447,
			"estado": 0
		},
		{
			"id":448,
			"estado": 0
		},
		{
			"id":449,
			"estado": 0
		},
		{
			"id":450,
			"estado": 0
		},
		{
			"id":451,
			"estado": 0
		},
		{
			"id":452,
			"estado": 0
		},
		{
			"id":453,
			"estado": 0
		},
		{
			"id":454,
			"estado": 0
		},
		{
			"id":455,
			"estado": 0
		},
		{
			"id":456,
			"estado": 0
		},
		{
			"id":457,
			"estado": 0
		},
		{
			"id":458,
			"estado": 0
		},
		{
			"id":459,
			"estado": 0
		},
		{
			"id":460,
			"estado": 0
		},
		{
			"id":461,
			"estado": 0
		},
		{
			"id":462,
			"estado": 0
		},
		{
			"id":463,
			"estado": 0
		},
		{
			"id":464,
			"estado": 0
		},
		{
			"id":465,
			"estado": 0
		},
		{
			"id":466,
			"estado": 0
		},
		{
			"id":467,
			"estado": 0
		},
		{
			"id":468,
			"estado": 0
		},
		{
			"id":469,
			"estado": 0
		},
		{
			"id":470,
			"estado": 0
		},
		{
			"id":471,
			"estado": 0
		},
		{
			"id":472,
			"estado": 0
		},
		{
			"id":473,
			"estado": 0
		},
		{
			"id":474,
			"estado": 0
		},
		{
			"id":475,
			"estado": 0
		},
		{
			"id":476,
			"estado": 0
		},
		{
			"id":477,
			"estado": 0
		},
		{
			"id":478,
			"estado": 0
		},
		{
			"id":479,
			"estado": 0
		},
		{
			"id":480,
			"estado": 0
		},
		{
			"id":481,
			"estado": 0
		},
		{
			"id":482,
			"estado": 0
		},
		{
			"id":483,
			"estado": 0
		},
		{
			"id":484,
			"estado": 0
		},
		{
			"id":485,
			"estado": 0
		},
		{
			"id":486,
			"estado": 0
		},
		{
			"id":487,
			"estado": 0
		},
		{
			"id":488,
			"estado": 0
		},
		{
			"id":489,
			"estado": 0
		},
		{
			"id":490,
			"estado": 0
		},
		{
			"id":491,
			"estado": 0
		},
		{
			"id":492,
			"estado": 0
		},
		{
			"id":493,
			"estado": 0
		},
		{
			"id":494,
			"estado": 2
		},
		{
			"id":495,
			"estado": 2
		},
		{
			"id":496,
			"estado": 2
		},
		{
			"id":497,
			"estado": 2
		},
		{
			"id":498,
			"estado": 2
		},
		{
			"id":499,
			"estado": 2
		},
		{
			"id":500,
			"estado": 2
		},
		{
			"id":501,
			"estado": 2
		},
		{
			"id":502,
			"estado": 2
		},
		{
			"id":503,
			"estado": 2
		},
		{
			"id":504,
			"estado": 2
		},
		{
			"id":505,
			"estado": 2
		},
		{
			"id":506,
			"estado": 2
		},
		{
			"id":507,
			"estado": 2
		},
		{
			"id":508,
			"estado": 2
		},
		{
			"id":509,
			"estado": 2
		},
		{
			"id":510,
			"estado": 2
		},
		{
			"id":511,
			"estado": 2
		},
		{
			"id":512,
			"estado": 2
		},
		{
			"id":513,
			"estado": 2
		},
		{
			"id":514,
			"estado": 2
		},
		{
			"id":515,
			"estado": 2
		},
		{
			"id":516,
			"estado": 2
		},
		{
			"id":517,
			"estado": 2
		},
		{
			"id":518,
			"estado": 2
		},
		{
			"id":519,
			"estado": 2
		},
		{
			"id":520,
			"estado": 2
		},
		{
			"id":521,
			"estado": 2
		},
		{
			"id":522,
			"estado": 2
		},
		{
			"id":523,
			"estado": 2
		},
		{
			"id":524,
			"estado": 2
		},
		{
			"id":525,
			"estado": 2
		},
		{
			"id":526,
			"estado": 2
		},
		{
			"id":527,
			"estado": 2
		},
		{
			"id":528,
			"estado": 2
		},
		{
			"id":529,
			"estado": 2
		},
		{
			"id":530,
			"estado": 2
		},
		{
			"id":531,
			"estado": 2
		},
		{
			"id":532,
			"estado": 2
		},
		{
			"id":533,
			"estado": 2
		},
		{
			"id":534,
			"estado": 2
		},
		{
			"id":535,
			"estado": 2
		},
		{
			"id":536,
			"estado": 2
		},
		{
			"id":537,
			"estado": 2
		},
		{
			"id":538,
			"estado": 2
		},
		{
			"id":539,
			"estado": 2
		},
		{
			"id":540,
			"estado": 2
		},
		{
			"id":541,
			"estado": 2
		},
		{
			"id":542,
			"estado": 2
		},
		{
			"id":543,
			"estado": 2
		},
		{
			"id":544,
			"estado": 2
		},
		{
			"id":545,
			"estado": 2
		},
		{
			"id":546,
			"estado": 2
		},
		{
			"id":547,
			"estado": 2
		},
		{
			"id":548,
			"estado": 2
		},
		{
			"id":549,
			"estado": 2
		},
		{
			"id":550,
			"estado": 2
		},
		{
			"id":551,
			"estado": 2
		},
		{
			"id":552,
			"estado": 2
		},
		{
			"id":553,
			"estado": 2
		},
		{
			"id":554,
			"estado": 2
		},
		{
			"id":555,
			"estado": 2
		},
		{
			"id":556,
			"estado": 2
		},
		{
			"id":557,
			"estado": 2
		},
		{
			"id":558,
			"estado": 2
		},
		{
			"id":559,
			"estado": 2
		},
		{
			"id":560,
			"estado": 3
		},
		{
			"id":561,
			"estado": 0
		},
		{
			"id":562,
			"estado": 0
		},
		{
			"id":563,
			"estado": 0
		},
		{
			"id":564,
			"estado": 0
		},
		{
			"id":565,
			"estado": 3
		},
		{
			"id":566,
			"estado": 0
		},
		{
			"id":567,
			"estado": 0
		},
		{
			"id":568,
			"estado": 0
		},
		{
			"id":569,
			"estado": 0
		},
		{
			"id":570,
			"estado": 0
		},
		{
			"id":571,
			"estado": 0
		},
		{
			"id":572,
			"estado": 0
		},
		{
			"id":573,
			"estado": 0
		},
		{
			"id":574,
			"estado": 0
		},
		{
			"id":575,
			"estado": 0
		},
		{
			"id":576,
			"estado": 0
		},
		{
			"id":577,
			"estado": 0
		},
		{
			"id":578,
			"estado": 0
		},
		{
			"id":579,
			"estado": 0
		},
		{
			"id":580,
			"estado": 0
		},
		{
			"id":581,
			"estado": 0
		},
		{
			"id":582,
			"estado": 0
		},
		{
			"id":583,
			"estado": 0
		},
		{
			"id":584,
			"estado": 0
		},
		{
			"id":585,
			"estado": 0
		},
		{
			"id":586,
			"estado": 0
		},
		{
			"id":587,
			"estado": 0
		},
		{
			"id":588,
			"estado": 0
		},
		{
			"id":589,
			"estado": 0
		},
		{
			"id":590,
			"estado": 0
		},
		{
			"id":591,
			"estado": 0
		},
		{
			"id":592,
			"estado": 0
		},
		{
			"id":593,
			"estado": 0
		},
		{
			"id":594,
			"estado": 0
		},
		{
			"id":595,
			"estado": 0
		},
		{
			"id":596,
			"estado": 0
		},
		{
			"id":597,
			"estado": 0
		},
		{
			"id":598,
			"estado": 0
		},
		{
			"id":599,
			"estado": 0
		},
		{
			"id":600,
			"estado": 0
		},
		{
			"id":601,
			"estado": 0
		},
		{
			"id":602,
			"estado": 0
		},
		{
			"id":603,
			"estado": 0
		},
		{
			"id":604,
			"estado": 0
		},
		{
			"id":605,
			"estado": 0
		},
		{
			"id":606,
			"estado": 0
		},
		{
			"id":607,
			"estado": 0
		},
		{
			"id":608,
			"estado": 0
		},
		{
			"id":609,
			"estado": 0
		},
		{
			"id":610,
			"estado": 0
		},
		{
			"id":611,
			"estado": 0
		},
		{
			"id":612,
			"estado": 0
		},
		{
			"id":613,
			"estado": 0
		},
		{
			"id":614,
			"estado": 0
		},
		{
			"id":615,
			"estado": 0
		},
		{
			"id":616,
			"estado": 0
		},
		{
			"id":617,
			"estado": 0
		},
		{
			"id":618,
			"estado": 0
		},
		{
			"id":619,
			"estado": 0
		},
		{
			"id":620,
			"estado": 0
		},
		{
			"id":621,
			"estado": 0
		},
		{
			"id":622,
			"estado": 0
		},
		{
			"id":623,
			"estado": 0
		},
		{
			"id":624,
			"estado": 0
		},
		{
			"id":625,
			"estado": 0
		},
		{
			"id":626,
			"estado": 0
		},
		{
			"id":627,
			"estado": 0
		},
		{
			"id":628,
			"estado": 0
		},
		{
			"id":629,
			"estado": 0
		},
		{
			"id":630,
			"estado": 0
		},
		{
			"id":631,
			"estado": 0
		},
		{
			"id":632,
			"estado": 0
		},
		{
			"id":633,
			"estado": 0
		},
		{
			"id":634,
			"estado": 0
		},
		{
			"id":635,
			"estado": 2
		},
		{
			"id":636,
			"estado": 2
		},
		{
			"id":637,
			"estado": 2
		},
		{
			"id":638,
			"estado": 2
		},
		{
			"id":639,
			"estado": 2
		},
		{
			"id":640,
			"estado": 2
		},
		{
			"id":641,
			"estado": 2
		},
		{
			"id":642,
			"estado": 2
		},
		{
			"id":643,
			"estado": 2
		},
		{
			"id":644,
			"estado": 2
		},
		{
			"id":645,
			"estado": 2
		},
		{
			"id":646,
			"estado": 2
		},
		{
			"id":647,
			"estado": 2
		},
		{
			"id":648,
			"estado": 2
		},
		{
			"id":649,
			"estado": 2
		},
		{
			"id":650,
			"estado": 2
		},
		{
			"id":651,
			"estado": 2
		},
		{
			"id":652,
			"estado": 2
		},
		{
			"id":653,
			"estado": 2
		},
		{
			"id":654,
			"estado": 2
		},
		{
			"id":655,
			"estado": 2
		},
		{
			"id":656,
			"estado": 2
		},
		{
			"id":657,
			"estado": 2
		},
		{
			"id":658,
			"estado": 2
		},
		{
			"id":659,
			"estado": 2
		},
		{
			"id":660,
			"estado": 2
		},
		{
			"id":661,
			"estado": 2
		},
		{
			"id":662,
			"estado": 2
		},
		{
			"id":663,
			"estado": 2
		},
		{
			"id":664,
			"estado": 2
		},
		{
			"id":665,
			"estado": 2
		},
		{
			"id":666,
			"estado": 2
		},
		{
			"id":667,
			"estado": 2
		},
		{
			"id":668,
			"estado": 2
		},
		{
			"id":669,
			"estado": 2
		},
		{
			"id":670,
			"estado": 2
		},
		{
			"id":671,
			"estado": 2
		},
		{
			"id":672,
			"estado": 2
		},
		{
			"id":673,
			"estado": 2
		},
		{
			"id":674,
			"estado": 2
		},
		{
			"id":675,
			"estado": 2
		},
		{
			"id":676,
			"estado": 2
		},
		{
			"id":677,
			"estado": 2
		},
		{
			"id":678,
			"estado": 2
		},
		{
			"id":679,
			"estado": 2
		},
		{
			"id":680,
			"estado": 2
		},
		{
			"id":681,
			"estado": 2
		},
		{
			"id":682,
			"estado": 2
		},
		{
			"id":683,
			"estado": 2
		},
		{
			"id":684,
			"estado": 2
		},
		{
			"id":685,
			"estado": 2
		},
		{
			"id":686,
			"estado": 2
		},
		{
			"id":687,
			"estado": 2
		},
		{
			"id":688,
			"estado": 2
		},
		{
			"id":689,
			"estado": 2
		},
		{
			"id":690,
			"estado": 2
		},
		{
			"id":691,
			"estado": 2
		},
		{
			"id":692,
			"estado": 2
		},
		{
			"id":693,
			"estado": 2
		},
		{
			"id":694,
			"estado": 2
		},
		{
			"id":695,
			"estado": 2
		},
		{
			"id":696,
			"estado": 2
		},
		{
			"id":697,
			"estado": 2
		},
		{
			"id":698,
			"estado": 2
		},
		{
			"id":699,
			"estado": 2
		},
		{
			"id":700,
			"estado": 2
		},
		{
			"id":701,
			"estado": 2
		},
		{
			"id":702,
			"estado": 2
		},
		{
			"id":703,
			"estado": 2
		},
		{
			"id":704,
			"estado": 2
		},
		{
			"id":705,
			"estado": 2
		},
		{
			"id":706,
			"estado": 2
		},
		{
			"id":707,
			"estado": 2
		},
		{
			"id":708,
			"estado": 2
		},
		{
			"id":709,
			"estado": 2
		},
		{
			"id":710,
			"estado": 2
		},
		{
			"id":711,
			"estado": 2
		},
		{
			"id":712,
			"estado": 3
		},
		{
			"id":713,
			"estado": 0
		},
		{
			"id":714,
			"estado": 0
		},
		{
			"id":715,
			"estado": 0
		},
		{
			"id":716,
			"estado": 0
		},
		{
			"id":717,
			"estado": 0
		},
		{
			"id":718,
			"estado": 0
		},
		{
			"id":719,
			"estado": 0
		},
		{
			"id":720,
			"estado": 3
		},
		{
			"id":721,
			"estado": 0
		},
		{
			"id":722,
			"estado": 0
		},
		{
			"id":723,
			"estado": 0
		},
		{
			"id":724,
			"estado": 0
		},
		{
			"id":725,
			"estado": 0
		},
		{
			"id":726,
			"estado": 0
		},
		{
			"id":727,
			"estado": 0
		},
		{
			"id":728,
			"estado": 0
		},
		{
			"id":729,
			"estado": 0
		},
		{
			"id":730,
			"estado": 0
		},
		{
			"id":731,
			"estado": 0
		},
		{
			"id":732,
			"estado": 0
		},
		{
			"id":733,
			"estado": 0
		},
		{
			"id":734,
			"estado": 0
		},
		{
			"id":735,
			"estado": 0
		},
		{
			"id":736,
			"estado": 0
		},
		{
			"id":737,
			"estado": 0
		},
		{
			"id":738,
			"estado": 0
		},
		{
			"id":739,
			"estado": 0
		},
		{
			"id":740,
			"estado": 0
		},
		{
			"id":741,
			"estado": 0
		},
		{
			"id":742,
			"estado": 0
		},
		{
			"id":743,
			"estado": 0
		},
		{
			"id":744,
			"estado": 0
		},
		{
			"id":745,
			"estado": 0
		},
		{
			"id":746,
			"estado": 0
		},
		{
			"id":747,
			"estado": 0
		},
		{
			"id":748,
			"estado": 0
		},
		{
			"id":749,
			"estado": 0
		},
		{
			"id":750,
			"estado": 0
		},
		{
			"id":751,
			"estado": 0
		},
		{
			"id":752,
			"estado": 0
		},
		{
			"id":753,
			"estado": 0
		},
		{
			"id":754,
			"estado": 0
		},
		{
			"id":755,
			"estado": 0
		},
		{
			"id":756,
			"estado": 0
		},
		{
			"id":757,
			"estado": 0
		},
		{
			"id":758,
			"estado": 0
		},
		{
			"id":759,
			"estado": 0
		},
		{
			"id":760,
			"estado": 0
		},
		{
			"id":761,
			"estado": 0
		},
		{
			"id":762,
			"estado": 0
		},
		{
			"id":763,
			"estado": 0
		},
		{
			"id":764,
			"estado": 0
		},
		{
			"id":765,
			"estado": 0
		},
		{
			"id":766,
			"estado": 0
		},
		{
			"id":767,
			"estado": 0
		},
		{
			"id":768,
			"estado": 0
		},
		{
			"id":769,
			"estado": 0
		},
		{
			"id":770,
			"estado": 0
		},
		{
			"id":771,
			"estado": 0
		},
		{
			"id":772,
			"estado": 0
		},
		{
			"id":773,
			"estado": 0
		},
		{
			"id":774,
			"estado": 0
		},
		{
			"id":775,
			"estado": 0
		},
		{
			"id":776,
			"estado": 0
		},
		{
			"id":777,
			"estado": 0
		},
		{
			"id":778,
			"estado": 0
		},
		{
			"id":779,
			"estado": 0
		},
		{
			"id":780,
			"estado": 0
		},
		{
			"id":781,
			"estado": 0
		},
		{
			"id":782,
			"estado": 0
		},
		{
			"id":783,
			"estado": 0
		},
		{
			"id":784,
			"estado": 0
		},
		{
			"id":785,
			"estado": 0
		},
		{
			"id":786,
			"estado": 0
		},
		{
			"id":787,
			"estado": 0
		},
		{
			"id":788,
			"estado": 0
		},
		{
			"id":789,
			"estado": 0
		},
		{
			"id":790,
			"estado": 2
		},
		{
			"id":791,
			"estado": 2
		},
		{
			"id":792,
			"estado": 2
		},
		{
			"id":793,
			"estado": 2
		},
		{
			"id":794,
			"estado": 2
		},
		{
			"id":795,
			"estado": 2
		},
		{
			"id":796,
			"estado": 2
		},
		{
			"id":797,
			"estado": 2
		},
		{
			"id":798,
			"estado": 2
		},
		{
			"id":799,
			"estado": 2
		},
		{
			"id":800,
			"estado": 2
		},
		{
			"id":801,
			"estado": 2
		},
		{
			"id":802,
			"estado": 2
		},
		{
			"id":803,
			"estado": 2
		},
		{
			"id":804,
			"estado": 2
		},
		{
			"id":805,
			"estado": 2
		},
		{
			"id":806,
			"estado": 2
		},
		{
			"id":807,
			"estado": 2
		},
		{
			"id":808,
			"estado": 2
		},
		{
			"id":809,
			"estado": 2
		},
		{
			"id":810,
			"estado": 2
		},
		{
			"id":811,
			"estado": 2
		},
		{
			"id":812,
			"estado": 2
		},
		{
			"id":813,
			"estado": 2
		},
		{
			"id":814,
			"estado": 2
		},
		{
			"id":815,
			"estado": 2
		},
		{
			"id":816,
			"estado": 2
		},
		{
			"id":817,
			"estado": 2
		},
		{
			"id":818,
			"estado": 2
		},
		{
			"id":819,
			"estado": 2
		},
		{
			"id":820,
			"estado": 2
		},
		{
			"id":821,
			"estado": 2
		},
		{
			"id":822,
			"estado": 2
		},
		{
			"id":823,
			"estado": 2
		},
		{
			"id":824,
			"estado": 2
		},
		{
			"id":825,
			"estado": 2
		},
		{
			"id":826,
			"estado": 2
		},
		{
			"id":827,
			"estado": 2
		},
		{
			"id":828,
			"estado": 2
		},
		{
			"id":829,
			"estado": 2
		},
		{
			"id":830,
			"estado": 2
		},
		{
			"id":831,
			"estado": 2
		},
		{
			"id":832,
			"estado": 2
		},
		{
			"id":833,
			"estado": 2
		},
		{
			"id":834,
			"estado": 2
		},
		{
			"id":835,
			"estado": 2
		},
		{
			"id":836,
			"estado": 2
		},
		{
			"id":837,
			"estado": 2
		},
		{
			"id":838,
			"estado": 2
		},
		{
			"id":839,
			"estado": 2
		},
		{
			"id":840,
			"estado": 2
		},
		{
			"id":841,
			"estado": 2
		},
		{
			"id":842,
			"estado": 2
		},
		{
			"id":843,
			"estado": 2
		},
		{
			"id":844,
			"estado": 2
		},
		{
			"id":845,
			"estado": 2
		},
		{
			"id":846,
			"estado": 2
		},
		{
			"id":847,
			"estado": 2
		},
		{
			"id":848,
			"estado": 2
		},
		{
			"id":849,
			"estado": 2
		},
		{
			"id":850,
			"estado": 2
		},
		{
			"id":851,
			"estado": 2
		},
		{
			"id":852,
			"estado": 2
		},
		{
			"id":853,
			"estado": 2
		},
		{
			"id":854,
			"estado": 3
		},
		{
			"id":855,
			"estado": 0
		},
		{
			"id":856,
			"estado": 0
		},
		{
			"id":857,
			"estado": 0
		},
		{
			"id":858,
			"estado": 0
		},
		{
			"id":859,
			"estado": 0
		},
		{
			"id":860,
			"estado": 0
		},
		{
			"id":861,
			"estado": 0
		},
		{
			"id":862,
			"estado": 0
		},
		{
			"id":863,
			"estado": 3
		},
		{
			"id":864,
			"estado": 0
		},
		{
			"id":865,
			"estado": 0
		},
		{
			"id":866,
			"estado": 0
		},
		{
			"id":867,
			"estado": 0
		},
		{
			"id":868,
			"estado": 0
		},
		{
			"id":869,
			"estado": 0
		},
		{
			"id":870,
			"estado": 0
		},
		{
			"id":871,
			"estado": 0
		},
		{
			"id":872,
			"estado": 0
		},
		{
			"id":873,
			"estado": 0
		},
		{
			"id":874,
			"estado": 0
		},
		{
			"id":875,
			"estado": 0
		},
		{
			"id":876,
			"estado": 0
		},
		{
			"id":877,
			"estado": 0
		},
		{
			"id":878,
			"estado": 0
		},
		{
			"id":879,
			"estado": 0
		},
		{
			"id":880,
			"estado": 0
		},
		{
			"id":881,
			"estado": 0
		},
		{
			"id":882,
			"estado": 0
		},
		{
			"id":883,
			"estado": 0
		},
		{
			"id":884,
			"estado": 0
		},
		{
			"id":885,
			"estado": 0
		},
		{
			"id":886,
			"estado": 0
		},
		{
			"id":887,
			"estado": 0
		},
		{
			"id":888,
			"estado": 0
		},
		{
			"id":889,
			"estado": 0
		},
		{
			"id":890,
			"estado": 0
		},
		{
			"id":891,
			"estado": 0
		},
		{
			"id":892,
			"estado": 0
		},
		{
			"id":893,
			"estado": 0
		},
		{
			"id":894,
			"estado": 0
		},
		{
			"id":895,
			"estado": 0
		},
		{
			"id":896,
			"estado": 0
		},
		{
			"id":897,
			"estado": 0
		},
		{
			"id":898,
			"estado": 0
		},
		{
			"id":899,
			"estado": 0
		},
		{
			"id":900,
			"estado": 0
		},
		{
			"id":901,
			"estado": 0
		},
		{
			"id":902,
			"estado": 0
		},
		{
			"id":903,
			"estado": 0
		},
		{
			"id":904,
			"estado": 0
		},
		{
			"id":905,
			"estado": 0
		},
		{
			"id":906,
			"estado": 0
		},
		{
			"id":907,
			"estado": 0
		},
		{
			"id":908,
			"estado": 0
		},
		{
			"id":909,
			"estado": 0
		},
		{
			"id":910,
			"estado": 0
		},
		{
			"id":911,
			"estado": 0
		},
		{
			"id":912,
			"estado": 0
		},
		{
			"id":913,
			"estado": 0
		},
		{
			"id":914,
			"estado": 0
		},
		{
			"id":915,
			"estado": 0
		},
		{
			"id":916,
			"estado": 0
		},
		{
			"id":917,
			"estado": 0
		},
		{
			"id":918,
			"estado": 0
		},
		{
			"id":919,
			"estado": 0
		},
		{
			"id":920,
			"estado": 0
		},
		{
			"id":921,
			"estado": 0
		},
		{
			"id":922,
			"estado": 0
		},
		{
			"id":923,
			"estado": 0
		},
		{
			"id":924,
			"estado": 0
		},
		{
			"id":925,
			"estado": 0
		},
		{
			"id":926,
			"estado": 0
		},
		{
			"id":927,
			"estado": 0
		},
		{
			"id":928,
			"estado": 0
		},
		{
			"id":929,
			"estado": 0
		},
		{
			"id":930,
			"estado": 0
		},
		{
			"id":931,
			"estado": 0
		},
		{
			"id":932,
			"estado": 0
		} 
	]
}